<SOAP-ENV:Envelope xmlns:SOAP-ENV="http://schemas.xmlsoap.org/soap/envelope/">
   <SOAP-ENV:Body>
      <ns0:response_card_posted_transactions xmlns:ns0="http://www.abc.com/Response.xsd">
         <ns0:header>
            <ns0:version>1.0</ns0:version>
            <ns0:msg_id>78956285</ns0:msg_id>
            <ns0:msg_type>CCPT</ns0:msg_type>
            <ns0:msg_function>REP_CARD_POSTED_TRANSACTIONS</ns0:msg_function>
            <ns0:src_application>Src_APP</ns0:src_application>
            <ns0:target_application>CPS</ns0:target_application>
            <ns0:timestamp>01/06/2020 18:09:54</ns0:timestamp>
            <ns0:tracking_id>8032695</ns0:tracking_id>
            <ns0:bank_id>RICHBANK</ns0:bank_id>
         </ns0:header>
         <ns0:exception_details>
            <ns0:application_name>NITIB_BRK_GEN_1</ns0:application_name>
            <ns0:date_time>01/06/2020 18:09:54</ns0:date_time>
            <ns0:status>S</ns0:status>
            <ns0:error_code>000</ns0:error_code>
            <ns0:error_description>Success</ns0:error_description>
            <ns0:transaction_ref_id>8032695</ns0:transaction_ref_id>
         </ns0:exception_details>
         <ns0:body>
            <ns0:total_no_of_transactions>113</ns0:total_no_of_transactions>
            <ns0:transaction_pointer>150</ns0:transaction_pointer>
            <ns0:end_of_txns_indicator>Y</ns0:end_of_txns_indicator>
            <ns0:card_details>
               <ns0:card_brand>VISA</ns0:card_brand>
               <ns0:card_currency>AED</ns0:card_currency>
               <ns0:card_name>TESTTEST</ns0:card_name>
               <ns0:card_limit>35000.00</ns0:card_limit>
               <ns0:available_credit>20193.85</ns0:available_credit>
               <ns0:cash_limit>0.00</ns0:cash_limit>
               <ns0:available_cash>0.00</ns0:available_cash>
               <ns0:outstanding_balance>14806.15</ns0:outstanding_balance>
               <ns0:expiry_date>31/05/2023</ns0:expiry_date>
               <ns0:min_payment>0.00</ns0:min_payment>
               <ns0:due_date>00/00/0000</ns0:due_date>
               <ns0:card_type>PRIMARY</ns0:card_type>
               <ns0:card_logo_description>VISA MEN PLATINUM</ns0:card_logo_description>
               <ns0:past_due_amount>0.00</ns0:past_due_amount>
               <ns0:card_status></ns0:card_status>
               <ns0:last_statement_date>00/00/0000</ns0:last_statement_date>
               <ns0:card_account_available_credit>20193.85</ns0:card_account_available_credit>
               <ns0:last_payment_date>00/00/0000</ns0:last_payment_date>
               <ns0:last_payment_amount>72.00</ns0:last_payment_amount>
               <ns0:last_purchase_date>20/05/2020</ns0:last_purchase_date>
               <ns0:last_purchase_amount>89.00</ns0:last_purchase_amount>
            </ns0:card_details>
            <ns0:transaction_details>
               <ns0:transaction>
                  <ns0:date>20/05/2020</ns0:date>
                  <ns0:post_date>21/05/2020</ns0:post_date>
                  <ns0:debit_credit_flag>D</ns0:debit_credit_flag>
                  <ns0:response_code>00</ns0:response_code>
                  <ns0:description>Unique: Cash Custom Fee</ns0:description>
                  <ns0:txn_reference_id>456565897474</ns0:txn_reference_id>
                  <ns0:currency>AED</ns0:currency>
                  <ns0:amount>75.00</ns0:amount>
                  <ns0:source_currency>AED</ns0:source_currency>
                  <ns0:source_amount>75.00</ns0:source_amount>
                  <ns0:auth_code>123654</ns0:auth_code>
                  <ns0:running_balance>0.00</ns0:running_balance>
                  <ns0:transaction_code></ns0:transaction_code>
               </ns0:transaction>
               <ns0:transaction>
                  <ns0:date>20/05/2020</ns0:date>
                  <ns0:post_date>21/05/2020</ns0:post_date>
                  <ns0:debit_credit_flag>D</ns0:debit_credit_flag>
                  <ns0:response_code>00</ns0:response_code>
                  <ns0:description>Unique ROYALE DUBAI</ns0:description>
                  <ns0:txn_reference_id>456565897474</ns0:txn_reference_id>
                  <ns0:currency>AED</ns0:currency>
                  <ns0:amount>89.00</ns0:amount>
                  <ns0:source_currency>AED</ns0:source_currency>
                  <ns0:source_amount>89.00</ns0:source_amount>
                  <ns0:auth_code>123654</ns0:auth_code>
                  <ns0:running_balance>0.00</ns0:running_balance>
                  <ns0:transaction_code></ns0:transaction_code>
               </ns0:transaction>
               <ns0:transaction>
                  <ns0:date>20/05/2020</ns0:date>
                  <ns0:post_date>21/05/2020</ns0:post_date>
                  <ns0:debit_credit_flag>D</ns0:debit_credit_flag>
                  <ns0:response_code>00</ns0:response_code>
                  <ns0:description>Unique: VISA  Custom Fee</ns0:description>
                  <ns0:txn_reference_id>456565897474</ns0:txn_reference_id>
                  <ns0:currency>AED</ns0:currency>
                  <ns0:amount>3.75</ns0:amount>
                  <ns0:source_currency>AED</ns0:source_currency>
                  <ns0:source_amount>3.75</ns0:source_amount>
                  <ns0:auth_code>123654</ns0:auth_code>
                  <ns0:running_balance>0.00</ns0:running_balance>
                  <ns0:transaction_code></ns0:transaction_code>
               </ns0:transaction>
               <ns0:transaction>
                  <ns0:date>20/05/2020</ns0:date>
                  <ns0:post_date>20/05/2020</ns0:post_date>
                  <ns0:debit_credit_flag>D</ns0:debit_credit_flag>
                  <ns0:response_code>00</ns0:response_code>
                  <ns0:description>Move the unbilled principal to the Retail plan;STORNOED=Y;</ns0:description>
                  <ns0:txn_reference_id>SO-000000000000013715</ns0:txn_reference_id>
                  <ns0:currency>AED</ns0:currency>
                  <ns0:amount>2100.00</ns0:amount>
                  <ns0:source_currency>AED</ns0:source_currency>
                  <ns0:source_amount>2100.00</ns0:source_amount>
                  <ns0:running_balance>0.00</ns0:running_balance>
                  <ns0:transaction_code></ns0:transaction_code>
               </ns0:transaction>
               <ns0:transaction>
                  <ns0:date>20/05/2020</ns0:date>
                  <ns0:post_date>20/05/2020</ns0:post_date>
                  <ns0:debit_credit_flag>C</ns0:debit_credit_flag>
                  <ns0:response_code>00</ns0:response_code>
                  <ns0:description>Move the unbilled principal to the Retail plan;STORNOED=Y;</ns0:description>
                  <ns0:txn_reference_id>SO-000000000000013715</ns0:txn_reference_id>
                  <ns0:currency>AED</ns0:currency>
                  <ns0:amount>2100.00</ns0:amount>
                  <ns0:source_currency>AED</ns0:source_currency>
                  <ns0:source_amount>2100.00</ns0:source_amount>
                  <ns0:running_balance>0.00</ns0:running_balance>
                  <ns0:transaction_code></ns0:transaction_code>
               </ns0:transaction>
               <ns0:transaction>
                  <ns0:date>20/05/2020</ns0:date>
                  <ns0:post_date>20/05/2020</ns0:post_date>
                  <ns0:debit_credit_flag>D</ns0:debit_credit_flag>
                  <ns0:response_code>00</ns0:response_code>
                  <ns0:description>IPP Foreclosure Fee: Client Account Custom Fee</ns0:description>
                  <ns0:txn_reference_id>SO-000000000000013716</ns0:txn_reference_id>
                  <ns0:currency>AED</ns0:currency>
                  <ns0:amount>10.00</ns0:amount>
                  <ns0:source_currency>AED</ns0:source_currency>
                  <ns0:source_amount>10.00</ns0:source_amount>
                  <ns0:running_balance>0.00</ns0:running_balance>
                  <ns0:transaction_code></ns0:transaction_code>
               </ns0:transaction>
               <ns0:transaction>
                  <ns0:date>20/05/2020</ns0:date>
                  <ns0:post_date>20/05/2020</ns0:post_date>
                  <ns0:debit_credit_flag>D</ns0:debit_credit_flag>
                  <ns0:response_code>00</ns0:response_code>
                  <ns0:description>IPP Foreclosure Fee</ns0:description>
                  <ns0:txn_reference_id>SO-000000000000013716</ns0:txn_reference_id>
                  <ns0:currency>AED</ns0:currency>
                  <ns0:amount>200.00</ns0:amount>
                  <ns0:source_currency>AED</ns0:source_currency>
                  <ns0:source_amount>200.00</ns0:source_amount>
                  <ns0:running_balance>0.00</ns0:running_balance>
                  <ns0:transaction_code></ns0:transaction_code>
               </ns0:transaction>
               <ns0:transaction>
                  <ns0:date>20/05/2020</ns0:date>
                  <ns0:post_date>20/05/2020</ns0:post_date>
                  <ns0:debit_credit_flag>D</ns0:debit_credit_flag>
                  <ns0:response_code>00</ns0:response_code>
                  <ns0:description>Plan Booking Retail Outward   STORNOED=Y;</ns0:description>
                  <ns0:txn_reference_id>70000000141000000137060</ns0:txn_reference_id>
                  <ns0:currency>AED</ns0:currency>
                  <ns0:amount>5000.00</ns0:amount>
                  <ns0:source_currency>AED</ns0:source_currency>
                  <ns0:source_amount>5000.00</ns0:source_amount>
                  <ns0:running_balance>0.00</ns0:running_balance>
                  <ns0:transaction_code></ns0:transaction_code>
               </ns0:transaction>
               <ns0:transaction>
                  <ns0:date>20/05/2020</ns0:date>
                  <ns0:post_date>20/05/2020</ns0:post_date>
                  <ns0:debit_credit_flag>D</ns0:debit_credit_flag>
                  <ns0:response_code>00</ns0:response_code>
                  <ns0:description>Man.Charge: ATM Cash Fee: Our VISA Cards Custom Fee</ns0:description>
                  <ns0:txn_reference_id>13709</ns0:txn_reference_id>
                  <ns0:currency>AED</ns0:currency>
                  <ns0:amount>1.50</ns0:amount>
                  <ns0:source_currency>AED</ns0:source_currency>
                  <ns0:source_amount>1.50</ns0:source_amount>
                  <ns0:running_balance>0.00</ns0:running_balance>
                  <ns0:transaction_code></ns0:transaction_code>
               </ns0:transaction>
               <ns0:transaction>
                  <ns0:date>20/05/2020</ns0:date>
                  <ns0:post_date>20/05/2020</ns0:post_date>
                  <ns0:debit_credit_flag>D</ns0:debit_credit_flag>
                  <ns0:response_code>00</ns0:response_code>
                  <ns0:description>Man.Charge: ATM   CASH ADVANCE FEE MANUAL;STORNOED=Y;</ns0:description>
                  <ns0:txn_reference_id>13709</ns0:txn_reference_id>
                  <ns0:currency>AED</ns0:currency>
                  <ns0:amount>30.00</ns0:amount>
                  <ns0:source_currency>AED</ns0:source_currency>
                  <ns0:source_amount>30.00</ns0:source_amount>
                  <ns0:running_balance>0.00</ns0:running_balance>
                  <ns0:transaction_code></ns0:transaction_code>
               </ns0:transaction>
               <ns0:transaction>
                  <ns0:date>20/05/2020</ns0:date>
                  <ns0:post_date>20/05/2020</ns0:post_date>
                  <ns0:debit_credit_flag>C</ns0:debit_credit_flag>
                  <ns0:response_code>00</ns0:response_code>
                  <ns0:description>Man.Refund: Our VISA Cards Custom Fee</ns0:description>
                  <ns0:txn_reference_id>13710</ns0:txn_reference_id>
                  <ns0:currency>AED</ns0:currency>
                  <ns0:amount>1.50</ns0:amount>
                  <ns0:source_currency>AED</ns0:source_currency>
                  <ns0:source_amount>1.50</ns0:source_amount>
                  <ns0:running_balance>0.00</ns0:running_balance>
                  <ns0:transaction_code></ns0:transaction_code>
               </ns0:transaction>
               <ns0:transaction>
                  <ns0:date>20/05/2020</ns0:date>
                  <ns0:post_date>20/05/2020</ns0:post_date>
                  <ns0:debit_credit_flag>C</ns0:debit_credit_flag>
                  <ns0:response_code>00</ns0:response_code>
                  <ns0:description>Man.Refund:  CASH ADVANCE FEE REVERSAL MANUAL;STORNOED=Y;</ns0:description>
                  <ns0:txn_reference_id>13710</ns0:txn_reference_id>
                  <ns0:currency>AED</ns0:currency>
                  <ns0:amount>30.00</ns0:amount>
                  <ns0:source_currency>AED</ns0:source_currency>
                  <ns0:source_amount>30.00</ns0:source_amount>
                  <ns0:running_balance>0.00</ns0:running_balance>
                  <ns0:transaction_code></ns0:transaction_code>
               </ns0:transaction>
               <ns0:transaction>
                  <ns0:date>20/05/2020</ns0:date>
                  <ns0:post_date>20/05/2020</ns0:post_date>
                  <ns0:debit_credit_flag>D</ns0:debit_credit_flag>
                  <ns0:response_code>00</ns0:response_code>
                  <ns0:description>Man.: CARDHOLDER DEBIT ADJUSTMENT;STORNOED=Y;</ns0:description>
                  <ns0:txn_reference_id>13711</ns0:txn_reference_id>
                  <ns0:currency>AED</ns0:currency>
                  <ns0:amount>32.00</ns0:amount>
                  <ns0:source_currency>AED</ns0:source_currency>
                  <ns0:source_amount>32.00</ns0:source_amount>
                  <ns0:running_balance>0.00</ns0:running_balance>
                  <ns0:transaction_code></ns0:transaction_code>
               </ns0:transaction>
               <ns0:transaction>
                  <ns0:date>20/05/2020</ns0:date>
                  <ns0:post_date>20/05/2020</ns0:post_date>
                  <ns0:debit_credit_flag>C</ns0:debit_credit_flag>
                  <ns0:response_code>00</ns0:response_code>
                  <ns0:description>Man.: Adj. to Warehouse Credit  CARDHOLDER CREDIT ADJUSTMENT;STORNOED=Y;</ns0:description>
                  <ns0:txn_reference_id>13712</ns0:txn_reference_id>
                  <ns0:currency>AED</ns0:currency>
                  <ns0:amount>32.00</ns0:amount>
                  <ns0:source_currency>AED</ns0:source_currency>
                  <ns0:source_amount>32.00</ns0:source_amount>
                  <ns0:running_balance>0.00</ns0:running_balance>
                  <ns0:transaction_code></ns0:transaction_code>
               </ns0:transaction>
               <ns0:transaction>
                  <ns0:date>20/05/2020</ns0:date>
                  <ns0:post_date>20/05/2020</ns0:post_date>
                  <ns0:debit_credit_flag>D</ns0:debit_credit_flag>
                  <ns0:response_code>00</ns0:response_code>
                  <ns0:description>ATM ransactions OnUs Custom Fee</ns0:description>
                  <ns0:txn_reference_id>123654800674</ns0:txn_reference_id>
                  <ns0:currency>AED</ns0:currency>
                  <ns0:amount>75.00</ns0:amount>
                  <ns0:source_currency>AED</ns0:source_currency>
                  <ns0:source_amount>75.00</ns0:source_amount>
                  <ns0:auth_code>896521</ns0:auth_code>
                  <ns0:running_balance>0.00</ns0:running_balance>
                  <ns0:transaction_code></ns0:transaction_code>
               </ns0:transaction>
            </ns0:transaction_details>
         </ns0:body>
      </ns0:response_card_posted_transactions>
   </SOAP-ENV:Body>
</SOAP-ENV:Envelope>